<?xml version="1.0"?>
<config xmlns:xsi="http://www.w3.org/2001/XMLSchema-instance" xsi:noNamespaceSchemaLocation="../../../../Magento/Config/etc/system_file.xsd">
<system>
<section id="carriers" translate="label" type="text" sortOrder="1" showInDefault="1" showInWebsite="1" showInStore="1">
<group id="nineminutos_envios" translate="label" type="text" sortOrder="2" showInDefault="1" showInWebsite="1" showInStore="1">
<label>99 minutos</label>

<field id="active" translate="label" type="select" sortOrder="1" showInDefault="1" showInWebsite="1" showInStore="0">
<label>Enabled</label>
<source_model>Magento\Config\Model\Config\Source\Yesno</source_model>
</field>

<field id="title" translate="label" type="text" sortOrder="2" showInDefault="1" showInWebsite="1" showInStore="1">
<label>Título</label>
</field>

<field id="apikey" translate="label" type="text" sortOrder="3" showInDefault="1" showInWebsite="1" showInStore="1">
<label>ApiKey</label>
</field>

<field id="name_method" translate="label" type="text" sortOrder="3" showInDefault="1" showInWebsite="1" showInStore="1">
<label>Tipo de Envío</label>
</field>

<field id="packageSize" translate="label" type="text" sortOrder="3" showInDefault="1" showInWebsite="1" showInStore="1">
<label>Tamaño del paquete</label>
</field>

<field id="notes" translate="label" type="text" sortOrder="3" showInDefault="1" showInWebsite="1" showInStore="1">
<label>Notas</label>
</field>

<field id="cashOnDelivery" translate="label" type="text" sortOrder="3" showInDefault="1" showInWebsite="1" showInStore="1">
<label>¿Se paga en efectivo?</label>
<source_model>Magento\Config\Model\Config\Source\Yesno</source_model>
</field>

<field id="amountCash" translate="label" type="text" sortOrder="3" showInDefault="1" showInWebsite="1" showInStore="1">
<label>Cantidad a pagar</label>
</field>

<field id="SecurePackage" translate="label" type="text" sortOrder="3" showInDefault="1" showInWebsite="1" showInStore="1">
<label>¿Está Asegurado??</label>
<source_model>Magento\Config\Model\Config\Source\Yesno</source_model>
</field>

<field id="amountSecure" translate="label" type="text" sortOrder="3" showInDefault="1" showInWebsite="1" showInStore="1">
<label>Cantidad asegurada</label>
</field>


<field id="name" translate="label" type="text" sortOrder="3" showInDefault="1" showInWebsite="1" showInStore="1">
<label>Nombre del Vendedor</label>
</field>

<field id="lastname" translate="label" type="text" sortOrder="3" showInDefault="1" showInWebsite="1" showInStore="1">
<label>Apellido del Vendedor</label>
</field>

<field id="emailSender" translate="label" type="text" sortOrder="3" showInDefault="1" showInWebsite="1" showInStore="1">
<label>Correo Electrónico del Vendedor</label>
</field>

<field id="phoneSender" translate="label" type="text" sortOrder="3" showInDefault="1" showInWebsite="1" showInStore="1">
<label>Teléfono del Vendedor</label>
</field>

<field id="addressOrigin" translate="label" type="text" sortOrder="3" showInDefault="1" showInWebsite="1" showInStore="1">
<label>Dirección de Origen (calle, número, colonia y código postal)</label>
</field>

<field id="numberOrigin" translate="label" type="text" sortOrder="3" showInDefault="1" showInWebsite="1" showInStore="1">
<label>Número de Origen</label>
</field>

<field id="codePostalOrigin" translate="label" type="text" sortOrder="3" showInDefault="1" showInWebsite="1" showInStore="1">
<label>Código Postal de Origen</label>
</field>

<field id="price" translate="label" type="text" sortOrder="4" showInDefault="1" showInWebsite="1" showInStore="0">
<label>Costo de envío</label>
<validate>validate-number validate-zero-or-greater</validate>
</field>

<field id="specificerrmsg" translate="label" type="textarea" sortOrder="80" showInDefault="1" showInWebsite="1" showInStore="1">
<label>Displayed Error Message</label>
</field>

<field id="sallowspecific" translate="label" type="select" sortOrder="90" showInDefault="1" showInWebsite="1" showInStore="0">
<label>Ship to Applicable Countries</label>
<frontend_class>shipping-applicable-country</frontend_class>
<source_model>Magento\Shipping\Model\Config\Source\Allspecificcountries</source_model>
</field>

<field id="showmethod" translate="label" type="select" sortOrder="92" showInDefault="1" showInWebsite="1" showInStore="0">
<label>Show Method if Not Applicable</label>
<source_model>Magento\Config\Model\Config\Source\Yesno</source_model>
</field>


</group>
</section>
</system>
</config>